id,name,model_id:id,group_id:id,perm_read,perm_write,perm_create,perm_unlink
access_admin_student,admin.student,model_school_student,school_management.group_school_admin,1,1,1,1
access_admin_teacher,admin.teacher,model_school_teacher,school_management.group_school_admin,1,1,1,1
access_admin_class,admin.class,model_school_class,school_management.group_school_admin,1,1,1,1
access_admin_certificate,admin.certificate,model_school_certificate,school_management.group_school_admin,1,1,1,1
access_admin_subject,admin.subject,model_school_subject,school_management.group_school_admin,1,1,1,1
access_admin_attendance,admin.attendance,model_school_attendance,school_management.group_school_admin,1,1,1,1
access_admin_enrollment,admin.enrollment,model_school_enrollment,school_management.group_school_admin,1,1,1,1
access_admin_enroll_students_wizard,admin.enroll.students.wizard,model_school_enroll_students_wizard,school_management.group_school_admin,1,1,1,1
access_admin_exam,admin.exam,model_school_exam,school_management.group_school_admin,1,1,1,1
access_admin_grade,admin.grade,model_school_grade,school_management.group_school_admin,1,1,1,1
access_admin_fee,admin.fee,model_school_fee,school_management.group_school_admin,1,1,1,1
access_admin_dashboard,admin.dashboard,model_school_dashboard,school_management.group_school_admin,1,1,1,1
access_admin_major,admin.major,model_school_major,school_management.group_school_admin,1,1,1,1
access_admin_major_enrollment,admin.major.enrollment,model_school_major_enrollment,school_management.group_school_admin,1,1,1,1
access_admin_daily_attendance_wizard,admin.daily.attendance.wizard,model_school_daily_attendance_wizard,school_management.group_school_admin,1,1,1,1
access_admin_daily_attendance_line_wizard,admin.daily.attendance.line.wizard,model_school_daily_attendance_line_wizard,school_management.group_school_admin,1,1,1,1
access_admin_student_year_payment,admin.student.year.payment,model_school_student_year_payment,school_management.group_school_admin,1,1,1,1
access_admin_student_year_payment_pay_wizard,admin.student.year.payment.pay.wizard,model_school_student_year_payment_pay_wizard,school_management.group_school_admin,1,1,1,1
access_admin_student_year_payment_deadline_wizard,admin.student.year.payment.deadline.wizard,model_school_student_year_payment_deadline_wizard,school_management.group_school_admin,1,1,1,1
access_admin_student_stop_wizard,admin.student.stop.wizard,model_school_student_stop_wizard,school_management.group_school_admin,1,1,1,1
access_admin_exam_student_schedule_wizard,admin.exam.student.schedule.wizard,model_school_exam_student_schedule_wizard,school_management.group_school_admin,1,1,1,1
access_admin_exam_select_student_wizard,admin.exam.select.student.wizard,model_school_exam_select_student_wizard,school_management.group_school_admin,1,1,1,1
access_teacher_student,teacher.student,model_school_student,school_management.group_school_teacher,1,1,0,0
access_teacher_teacher,teacher.teacher,model_school_teacher,school_management.group_school_teacher,1,0,0,0
access_teacher_class,teacher.class,model_school_class,school_management.group_school_teacher,1,0,0,0
access_teacher_subject,teacher.subject,model_school_subject,school_management.group_school_teacher,1,0,0,0
access_teacher_attendance,teacher.attendance,model_school_attendance,school_management.group_school_teacher,1,1,1,0
access_teacher_daily_attendance_wizard,teacher.daily.attendance.wizard,model_school_daily_attendance_wizard,school_management.group_school_teacher,1,1,1,1
access_teacher_daily_attendance_line_wizard,teacher.daily.attendance.line.wizard,model_school_daily_attendance_line_wizard,school_management.group_school_teacher,1,1,1,1
access_teacher_exam,teacher.exam,model_school_exam,school_management.group_school_teacher,1,1,1,0
access_teacher_grade,teacher.grade,model_school_grade,school_management.group_school_teacher,1,1,1,0
access_teacher_certificate,teacher.certificate,model_school_certificate,school_management.group_school_teacher,1,1,0,0
access_teacher_enrollment,teacher.enrollment,model_school_enrollment,school_management.group_school_teacher,1,1,1,0
access_teacher_enroll_students_wizard,teacher.enroll.students.wizard,model_school_enroll_students_wizard,school_management.group_school_teacher,1,1,1,1
access_teacher_major,teacher.major,model_school_major,school_management.group_school_teacher,1,0,0,0
access_teacher_major_enrollment,teacher.major.enrollment,model_school_major_enrollment,school_management.group_school_teacher,1,0,0,0
access_teacher_dashboard,teacher.dashboard,model_school_dashboard,school_management.group_school_teacher,1,0,0,0
access_teacher_fee,teacher.fee,model_school_fee,school_management.group_school_teacher,1,0,0,0
access_teacher_payment,teacher.payment,model_school_student_year_payment,school_management.group_school_teacher,1,0,0,0
access_teacher_exam_student_schedule_wizard,teacher.exam.student.schedule.wizard,model_school_exam_student_schedule_wizard,school_management.group_school_teacher,1,1,1,1
access_teacher_exam_select_student_wizard,teacher.exam.select.student.wizard,model_school_exam_select_student_wizard,school_management.group_school_teacher,1,1,1,1
access_student_student,student.student,model_school_student,school_management.group_school_student,1,0,0,0
access_student_teacher,student.teacher,model_school_teacher,school_management.group_school_student,1,0,0,0
access_student_class,student.class,model_school_class,school_management.group_school_student,1,0,0,0
access_student_subject,student.subject,model_school_subject,school_management.group_school_student,1,0,0,0
access_student_attendance,student.attendance,model_school_attendance,school_management.group_school_student,1,0,0,0
access_student_exam,student.exam,model_school_exam,school_management.group_school_student,1,0,0,0
access_student_grade,student.grade,model_school_grade,school_management.group_school_student,1,0,0,0
access_student_certificate,student.certificate,model_school_certificate,school_management.group_school_student,1,0,0,0
access_student_major,student.major,model_school_major,school_management.group_school_student,1,0,0,0
access_student_payment,student.payment,model_school_student_year_payment,school_management.group_school_student,1,0,0,0
access_student_fee,student.fee,model_school_fee,school_management.group_school_student,1,0,0,0
access_student_enrollment,student.enrollment,model_school_enrollment,school_management.group_school_student,1,0,0,0
access_student_major_enrollment,student.major.enrollment,model_school_major_enrollment,school_management.group_school_student,1,0,0,0
access_student_dashboard,student.dashboard,model_school_dashboard,school_management.group_school_student,1,0,0,0
access_admin_export_report_xlsx_wizard,admin.export.report.xlsx.wizard,model_school_report_export_xlsx_wizard,school_management.group_school_admin,1,1,1,1
access_teacher_export_report_xlsx_wizard,teacher.export.report.xlsx.wizard,model_school_report_export_xlsx_wizard,school_management.group_school_teacher,1,1,1,1
access_admin_timetable,admin.timetable,model_school_timetable,school_management.group_school_admin,1,1,1,1
access_teacher_timetable,teacher.timetable,model_school_timetable,school_management.group_school_teacher,1,1,1,0
access_student_timetable,student.timetable,model_school_timetable,school_management.group_school_student,1,0,0,0
access_admin_teaching_assignment,admin.teaching.assignment,model_school_teaching_assignment,school_management.group_school_admin,1,1,1,1
access_teacher_teaching_assignment,teacher.teaching.assignment,model_school_teaching_assignment,school_management.group_school_teacher,1,1,1,0
access_student_teaching_assignment,student.teaching.assignment,model_school_teaching_assignment,school_management.group_school_student,1,0,0,0
access_admin_student_subject,admin.student.subject,model_school_student_subject,school_management.group_school_admin,1,1,1,1
access_teacher_student_subject,teacher.student.subject,model_school_student_subject,school_management.group_school_teacher,1,1,1,0
access_student_student_subject,student.student.subject,model_school_student_subject,school_management.group_school_student,1,0,0,0
access_admin_assign_subject_wizard,admin.assign.subject.wizard,model_school_assign_subject_wizard,school_management.group_school_admin,1,1,1,1
access_teacher_assign_subject_wizard,teacher.assign.subject.wizard,model_school_assign_subject_wizard,school_management.group_school_teacher,1,1,1,1
access_admin_permission,admin.permission,model_school_permission,school_management.group_school_admin,1,1,1,1
access_teacher_permission,teacher.permission,model_school_permission,school_management.group_school_teacher,1,1,1,0
access_student_permission,student.permission,model_school_permission,school_management.group_school_student,1,1,1,0
access_admin_permission_reject_wizard,admin.permission.reject.wizard,model_school_permission_reject_wizard,school_management.group_school_admin,1,1,1,1
access_teacher_permission_reject_wizard,teacher.permission.reject.wizard,model_school_permission_reject_wizard,school_management.group_school_teacher,1,1,1,1
access_admin_certificate_reject_wizard,admin.certificate.reject.wizard,model_school_certificate_reject_wizard,school_management.group_school_admin,1,1,1,1
access_teacher_certificate_reject_wizard,teacher.certificate.reject.wizard,model_school_certificate_reject_wizard,school_management.group_school_teacher,1,1,1,1
access_admin_feedback,admin.feedback,model_school_feedback,school_management.group_school_admin,1,1,1,1
access_teacher_feedback,teacher.feedback,model_school_feedback,school_management.group_school_teacher,1,1,1,0
access_student_feedback,student.feedback,model_school_feedback,school_management.group_school_student,1,1,1,0
access_admin_term,admin.term,model_school_term,school_management.group_school_admin,1,1,1,1
access_teacher_term,teacher.term,model_school_term,school_management.group_school_teacher,1,0,0,0
access_student_term,student.term,model_school_term,school_management.group_school_student,1,0,0,0
access_admin_term_schedule_wizard,admin.term.schedule.wizard,model_school_term_schedule_wizard,school_management.group_school_admin,1,1,1,1
access_teacher_term_schedule_wizard,teacher.term.schedule.wizard,model_school_term_schedule_wizard,school_management.group_school_teacher,0,0,0,0
access_admin_term_schedule_wizard_line,admin.term.schedule.wizard.line,model_school_term_schedule_wizard_line,school_management.group_school_admin,1,1,1,1
access_teacher_term_schedule_wizard_line,teacher.term.schedule.wizard.line,model_school_term_schedule_wizard_line,school_management.group_school_teacher,0,0,0,0
