Holiday Name,Start Date,End Date,Holiday Type,Active
International New Year,2026-01-01,2026-01-01,national,True
Victory over Genocide Day,2026-01-07,2026-01-07,national,True
International Women's Day,2026-03-08,2026-03-08,national,True
Khmer New Year,2026-04-14,2026-04-16,national,True
Labour Day,2026-05-01,2026-05-01,national,True
Royal Ploughing Ceremony,2026-05-05,2026-05-05,national,True
Bon Om Touk (Water Festival),2026-11-05,2026-11-07,national,True
Independence Day,2026-11-09,2026-11-09,national,True
Christmas Day,2026-12-25,2026-12-25,national,True
New Year's Day (2027),2027-01-01,2027-01-01,national,True
Victory Day (2027),2027-01-07,2027-01-07,national,True
International Women's Day (2027),2027-03-08,2027-03-08,national,True
Khmer New Year (2027),2027-04-15,2027-04-17,national,True